time,speed
0.0,0.0
10.0,27.622188918507184
11.0,34.65084746579299
13.0,39.77288694954524
15.0,39.554923724983595
17.0,50.58053406616954
20.0,57.431611598668134
23.0,61.617980455712924
25.0,63.53388438810325
27.0,66.90645213858126
29.0,67.23963655369744
31.0,60.391369317760066
33.0,57.65733343639945
35.0,55.84900284690828
36.0,56.13841828568989
38.0,55.82733758003756
39.0,54.71481006665141
41.0,55.50826378380913
43.0,56.35903329718458
44.0,57.32595739805549
46.0,59.092748010198044
47.0,61.58044410109058
49.0,61.73959485272441
51.0,62.489788199643655
53.0,60.76838201695246
55.0,59.23409310729088
57.0,58.548168516131526
59.0,61.94806644183213
61.0,63.89251667837125
63.0,65.41633486530942
67.0,59.98068229403815
68.0,59.922757973050714
70.0,55.23132149664904
71.0,51.54182666545853
73.0,50.042849183400634
75.0,55.429336212201825
77.0,55.01847887958384
79.0,55.125002927282274
81.0,55.094207534364514
83.0,55.69738201411775
85.0,55.95538878482993
87.0,56.32345930043702
89.0,56.73186751578053
91.0,57.1097494388113
93.0,57.2724362312783
95.0,58.04488179724442
97.0,58.866431901016355
99.0,59.673071939868045
100.0,60.62817439293146
101.0,61.31965034243482
103.0,61.21462592805578
105.0,60.96997887848729
107.0,61.145142464693905
109.0,61.314568256153244
110.0,61.80477003566615
112.0,61.870866109916484
113.0,61.87619290502928
115.0,61.79157411764419
117.0,61.53821498240484
118.0,61.11571338375329
119.0,61.26910407983206
122.0,57.13437091063956
125.0,56.39749580041344
127.0,55.3007807564325
129.0,53.07962361624077
131.0,49.44443582766519
133.0,50.263298078807644
135.0,49.51531200416032
136.0,49.042887204899955
137.0,49.49461541736313
139.0,50.25418177079912
141.0,51.34260390246776
143.0,55.85536228040279
145.0,57.49439868458144
147.0,57.39148664297652
148.0,58.26488231211689
149.0,59.01520093552269
151.0,54.5092323104087
154.0,53.811981355129134
155.0,54.888662886242535
156.0,55.24288867572799
158.0,54.14046937901918
160.0,52.34679044727218
161.0,49.500819747135395
162.0,47.56990667303681
164.0,45.978332313761925
166.0,43.75431404731169
169.0,39.912647513996845
172.0,36.92702889346572
177.0,37.861741358080515
184.0,46.46101391640061
186.0,49.30592411573376
232.0,57.45815812863435
233.0,69.429009236774
254.0,69.78177443968562
255.0,61.86962213515535
257.0,66.49943011236913
276.0,61.35873601839023
278.0,60.505609059511144
280.0,62.05333310931402
281.0,66.67944386071014
283.0,66.51378774178222
286.0,66.98391318996117
287.0,57.47397159090443
288.0,62.10884882790026
301.0,58.33119043726767
308.0,55.618378736003464
313.0,48.58476360183134
332.0,56.074283888131546
333.0,53.02147426568109
334.0,55.56202795953468
340.0,59.979978221335195
381.0,66.28021154516588
408.0,66.1601671706927
412.0,70.24168025011326
425.0,62.42327330257702
426.0,56.520792719112066
428.0,56.13348270044933
433.0,49.69089080747956
436.0,41.26654977993638
440.0,40.923211178303774
448.0,42.81916884503742
451.0,45.238289818698135
459.0,53.98834216577173
477.0,55.68480562492128
491.0,59.0261433686559
492.0,60.79913510592926
494.0,61.14016523300811
496.0,52.65431163900079
497.0,53.70573133872049
499.0,58.75770534288837
540.0,58.5209201078786
542.0,54.220863652926404
544.0,59.05624295374621
545.0,58.14166242086618
546.0,56.12728292939634
548.0,50.663691654953894
582.0,57.083958192740866
584.0,55.97493849831773
585.0,57.647407740736824
586.0,58.105826162923755
588.0,65.55903848162168
624.0,64.10010257573192
626.0,67.41297326267025
628.0,68.91191019490664
659.0,67.41983589664565
661.0,55.58088741439726
679.0,53.64354014056545
704.0,46.64351828072011
706.0,40.915172299350424
707.0,41.633116381419555
709.0,50.69358535321477
723.0,52.43737531926297
725.0,55.4937447010538
751.0,53.803922172152525
768.0,57.356472576161174
772.0,52.89815604240381
796.0,55.192244550538724
798.0,54.9172183745256
800.0,52.57756637713281
801.0,54.334589036888374
836.0,55.55164154647898
853.0,46.91471966092094
880.0,46.471882230996734
881.0,52.00319497308394
909.0,37.72867052243327
912.0,35.01647019498525
914.0,37.970116658485416
932.0,35.70966814341291
938.0,34.109350593315746
944.0,37.85282149166547
945.0,41.70598129432394
947.0,41.46799638854905
949.0,37.364343694770724
951.0,40.68690254907403
953.0,46.22983665425302
957.0,45.99014488227967
971.0,55.366745131510655
1044.0,61.05350052852638
1061.0,62.86317399150518
1063.0,62.72403019785513
1065.0,61.29510659193094
1066.0,54.77190845261308
1067.0,52.58983832712604
1091.0,50.942326609833046
1092.0,54.825298578416565
1169.0,52.00397489803877
1171.0,46.71670368228774
1172.0,49.34058228602642
1186.0,41.746079081482804
1188.0,41.62561048780849
1202.0,44.40440616390437
1230.0,50.10969341514501
1231.0,52.88587463212967
1284.0,57.69801402273466
1288.0,45.81842012925173
1290.0,43.49872374705658
1292.0,40.325167242549284
1293.0,36.262312749923254
1294.0,35.712689557480665
1298.0,38.516982263672816
1299.0,38.739463273995945
1343.0,38.12673277417346
1344.0,40.64230070124167
1366.0,37.339021485929536
1392.0,43.43033940343321
1396.0,41.54814893537393
1397.0,52.100126153666544
1402.0,49.74544988467771
1403.0,53.19678127451114
1408.0,55.31082049117075
1409.0,64.91446201377879
1411.0,53.40134789502689
1413.0,55.1631374902748
1415.0,50.132509245167775
1422.0,40.431956746699576
1426.0,30.741121272220756
1428.0,40.996913011601066
1442.0,45.80156631643458
1453.0,53.32179323730325
1458.0,51.54514641884363
1469.0,46.96730178076712
171699.0,31.161809614733755
171699.0,15.029501521238132
171699.0,3.5193713406909573
171701.0,11.327222832441588
171708.0,22.021495176649466
171711.0,31.964783180434146
171712.0,43.21748631619273
171714.0,51.037722928106994
171715.0,48.5213969188291
171717.0,46.24169613412774
171719.0,44.11836905356842
171721.0,41.7271078162798
171724.0,40.63124971085776
171743.0,38.89075251670206
171744.0,44.710348970085
171746.0,46.069737824135345
171748.0,45.76249812907063
171749.0,48.86335334699064
171750.0,53.15388569696502
171752.0,48.1966994882408
171753.0,48.60421946754294
171754.0,50.09682718513974
171755.0,48.639343170005915
171756.0,47.91932872674049
171758.0,46.61172241556162
171759.0,45.32302989606586
171761.0,43.24513902269085
171762.0,43.63902868191169
171764.0,41.05263101567419
171766.0,39.32373669023834
171767.0,38.37768904645011
171769.0,37.08243302449804
171771.0,34.32159463976669
171773.0,31.359547935022647
171776.0,27.904765062397434
171781.0,22.055651522490813
171792.0,16.103167125253027
171801.0,11.010607291141074
171807.0,8.123816072272694
171814.0,5.777970689592811
171817.0,6.737051752115542
171820.0,9.290837887035952
171822.0,13.542040855705414
171824.0,16.92674737604878
171826.0,21.03353927157267
171828.0,22.278848933116638
171830.0,23.175726422573806
171833.0,21.29935775459072
171834.0,28.642300047894327
171836.0,30.466534548034474
171838.0,33.63207082310652
171839.0,38.16630215469004
171840.0,43.299024329403736
171842.0,38.74506055625669
171844.0,40.13725698619257
171846.0,39.797773245160094
171848.0,38.018743547064204
171850.0,36.53934608442792
171852.0,36.49059166958416
171854.0,35.21133230137125
171855.0,35.90529056126948
171856.0,36.228503055733874
171858.0,36.25453368945819
171860.0,36.217973632649965
171861.0,40.00470937417494
171862.0,41.89461606355226
171863.0,44.57719516607552
171864.0,45.69814573700978
171866.0,46.80901669627123
171868.0,42.53605504088676
171869.0,43.547552664590405
171870.0,42.38728124532558
171872.0,40.33939545105482
171873.0,40.041284002007124
171874.0,42.86731211984285
171875.0,40.84166189400591
171877.0,40.23265662277488
171879.0,41.956743613004946
171880.0,41.218220154740415
171883.0,36.334883329799496
171886.0,31.445738166770873
171889.0,25.77417876797704
171892.0,21.569336495998073
171894.0,18.345441192337073
171896.0,18.692144088288472
171898.0,20.409700483675
171900.0,23.482780139149007
171902.0,26.055042685002057
171904.0,28.18059439471965
171906.0,29.819754117725402
171907.0,32.44021315702685
171909.0,33.766250963440164
171911.0,34.48238030277861
171913.0,34.60954546559884
171914.0,36.13022791884501
171916.0,35.07932593142392
171918.0,34.795211372693124
171920.0,32.70058615925383
171922.0,29.795716982141528
171925.0,24.15884747025407
171934.0,18.57505003865911
171936.0,15.592379659462646
171938.0,14.728577085008808
171940.0,14.9175518935652
171943.0,15.35332236556755
171947.0,16.63839731277363
171950.0,16.560612783700584
171952.0,16.86166893836252
171954.0,18.03095524252463
171956.0,19.77108172956904
171958.0,22.95779472108149
171960.0,25.279472539846143
171962.0,28.22314905982497
171964.0,30.322142515152798
171966.0,32.91591847729642
171968.0,34.12047740366743
171969.0,35.67687868659645
171970.0,36.55526789012364
171971.0,37.08272819721749
171972.0,37.44262716375968
171973.0,38.220358524928436
171975.0,37.696132069676295
171976.0,38.449892720664565
171978.0,38.11936191637854
171979.0,37.85420352427756
171981.0,38.172973604834176
171982.0,39.779114935081964
171983.0,39.78402251249199
171985.0,36.56348887429379
171987.0,33.63488609297832
171989.0,30.523278850681805
171991.0,25.929288775817053
171993.0,21.376709124307116
171995.0,21.745903817581457
171997.0,22.39347546265
171999.0,23.414748269650296
172001.0,25.086570520959008
172003.0,27.631145488626146
172005.0,30.45726810053721
172006.0,33.30941409275444
172007.0,35.67734524452929
172008.0,38.566240133706266
172010.0,40.569326364437345
172011.0,42.25357636990745
172012.0,42.92744574631152
172014.0,43.524201089139694
172016.0,43.6988765801813
172018.0,43.79598904199746
172019.0,43.924143572703635
172020.0,44.20658778908405
172022.0,45.20289660854503
172024.0,46.32754588442976
172025.0,47.5358436009882
172026.0,47.54338428650813
172027.0,48.03908591524999
172029.0,47.63174911434888
172031.0,46.81139854777902
172032.0,45.567946537170535
172034.0,45.27090322356009
172035.0,44.452932141614056
172036.0,44.09404267206752
172037.0,43.99736041752023
172039.0,44.00935214503969
172040.0,44.16083881891792
172042.0,44.241695628903344
172044.0,44.11071068797417
172046.0,44.3984326460092
172047.0,45.06659229485201
172048.0,45.643591819316825
172050.0,46.64398815225282
172052.0,46.983551672880964
172053.0,46.85639614471031
172054.0,46.49468262548093
172055.0,47.07139327996279
172057.0,45.90144740904217
172058.0,46.212200818862684
172059.0,47.04309799051845
172060.0,47.12164462871393
172061.0,46.23426714099442
172063.0,44.91868691541452
172065.0,45.59071956826733
172066.0,44.69702239916543
172067.0,43.7188613318126
172068.0,42.453124685036194
172070.0,43.17177586790599
172071.0,40.95080776648315
172073.0,37.62014686089933
172078.0,30.984546812127157
172083.0,24.75304531210513
172086.0,19.716801476684807
172090.0,14.18610172924591
172094.0,15.83943089594369
172096.0,20.512201198722597
172098.0,23.680260093109432
172099.0,28.24397667367503
172101.0,32.63803709524285
172103.0,32.73152481435701
172104.0,34.48578503191463
172106.0,37.38954889789101
172107.0,37.40158004523955
172108.0,38.479805298340615
172110.0,39.177623510694374
172112.0,39.02882654063497
172113.0,39.90843398960108
172114.0,41.21959212347699
172116.0,42.45324046989379
172118.0,43.41045519271387
172119.0,44.79117468571259
172120.0,44.67265369491827
172121.0,44.570042535452025
172122.0,44.50498708195304
172124.0,44.65152432783899
172125.0,44.94485958674823
172126.0,46.366901942897286
172127.0,47.52797454359294
172128.0,48.310614349558925
172130.0,48.94376333936503
172131.0,49.295426820729375
172132.0,49.010492046571166
172133.0,49.06927364798016
172134.0,48.991473467545724
172136.0,48.92251508473389
172138.0,49.3637515363949
172140.0,50.015343706817745
172142.0,50.19954304366282
172144.0,50.6578381840243
172146.0,50.13764362025876
172148.0,49.92846760651156
172149.0,49.342981454004715
172151.0,48.680461057874
172152.0,47.92763414587974
172154.0,48.012520280889206
172155.0,47.0344331087246
172156.0,45.46527161987027
172157.0,43.70326674253812
172159.0,41.27042628884221
172161.0,37.890932662084
172163.0,35.4298141902328
172165.0,33.26379429587376
172167.0,33.259975681378044
172168.0,34.37289412968313
172170.0,36.987786835953614
172172.0,39.31172398584189
172173.0,42.610629941697006
172174.0,45.09041101981778
172175.0,46.88228472388936
172176.0,48.291059311683945
172177.0,48.906171037227956
172179.0,49.05690463673541
172181.0,49.07143891326345
172182.0,48.96880524207429
172184.0,49.009912653583484
172185.0,49.418061779202105
172186.0,49.58101263280513
172188.0,49.3068709464478
172190.0,49.95108972081667
172191.0,49.78690139955145
172192.0,49.2292477962341
172193.0,48.80513873679497
172194.0,48.229322189877564
172196.0,46.98555662263815
172197.0,46.54187031793558
172198.0,46.12622504443319
172199.0,46.41642613791633
172200.0,46.905421969919516
172202.0,47.91800657323508
172203.0,48.90878426600263
172204.0,50.38236184353928
172205.0,51.1855273779077
172206.0,51.916734739056515
172208.0,52.68342409113469
172209.0,52.99782470143301
172210.0,53.1907522100114
172211.0,53.11635450462776
172212.0,53.374674946254274
172214.0,52.89267044762953
172215.0,53.69359569230484
172216.0,53.66129022149687
172217.0,54.08631734135692
172218.0,54.296558605493075
172220.0,55.09794589137539
172221.0,54.358463022129584
172222.0,54.646744390326205
172223.0,54.83114305905441
172224.0,54.830649316404916
172226.0,54.492608678630496
172228.0,54.771296809409776
172229.0,54.384590139584176
172230.0,53.26197382595095
172232.0,53.06131724125204
172233.0,52.93056921553239
172234.0,52.35046020921585
172235.0,51.77881798534308
172236.0,52.54377113172548
172238.0,52.522580989892006
172240.0,51.72863625724087
172242.0,50.69059754412139
172244.0,49.22207555379771
172245.0,46.47249185288665
172247.0,42.0469429235344
172249.0,36.794589986864594
172251.0,31.17447140237856
172256.0,24.11329422331486
172261.0,17.867906085269812
172265.0,13.614616909608179
172269.0,10.789950599128273
172274.0,8.648823758259345
172280.0,8.482987830079955
172284.0,8.986420675803126
172288.0,8.895819738281968
172294.0,8.2984564803646
172301.0,7.90046236292112
172304.0,9.518094824851776
172306.0,11.712868766887826
172308.0,14.302492589520108
172310.0,17.247360097304135
172312.0,20.112937683315685
172314.0,21.76498293724783
172316.0,22.61274431794879
172318.0,22.809246892885163
172320.0,23.381547160384056
172322.0,24.291497566720704
172324.0,24.652317993805486
172326.0,24.105020230627435
172329.0,22.09240036705288
172333.0,19.48309445514023
172336.0,17.60427162670537
172338.0,16.58562655633441
172340.0,16.75613739987181
172342.0,19.70689569282176
172344.0,23.572172949974526
172346.0,26.327321100085516
172348.0,27.76181650972427
172350.0,28.989390617492717
172352.0,29.72833734124719
172354.0,28.96193573133517
172356.0,26.95352906424937
172360.0,23.65884696636089
172364.0,20.181313735958383
172367.0,17.065166600331146
172370.0,15.630470670821841
172372.0,17.049348389773428
172374.0,20.926222108922524
172376.0,24.405242780982977
172378.0,27.61463979355434
172380.0,30.102259810115903
172382.0,31.03570418556817
172384.0,31.58687635853614
172386.0,32.036473060774654
172388.0,32.67466019607265
172390.0,32.83425378449537
172392.0,31.212794793111016
172395.0,27.79728004159897
172397.0,25.15297494715137
172399.0,22.190496483686843
172401.0,20.862078185687416
172403.0,22.371702212802315
172405.0,25.710365329910182
172407.0,28.686150105478884
172409.0,30.942999726952657
172410.0,33.46296667158915
172412.0,34.80150295161841
172414.0,36.14883127019546
172415.0,37.30474600093102
172416.0,38.92049849583713
172418.0,39.5435903386117
172419.0,40.419346835732085
172420.0,40.62636399396804
172421.0,41.599173786865926
172422.0,42.66704056548085
172424.0,42.95533069083443
172425.0,43.339208089888096
172426.0,44.06122854046782
172427.0,44.11526219210462
172428.0,44.01151379099538
172430.0,44.139796115405126
172431.0,44.32697277569869
172432.0,44.6971937882835
172433.0,44.75222467600795
172434.0,44.17360745693388
172436.0,43.599955391187066
172438.0,42.30308023429616
172440.0,39.6622611811898
172442.0,36.62763379390665
172444.0,34.31789787657341
172448.0,28.546518884156974
172452.0,24.160895071180267
172454.0,22.068845924558822
172456.0,21.505544336541657
172458.0,21.563072697989373
172460.0,25.920484546397546
172461.0,29.935944006365965
172462.0,32.93591120785665
172463.0,34.85566651037692
172464.0,35.995263701127726
172466.0,36.65768314364819
172468.0,37.31757939324191
172469.0,38.5019230075031
172470.0,39.9659598272347
172472.0,41.43351467524411
172474.0,43.21196529759909
172475.0,44.487187432157555
172476.0,45.194394022155116
172478.0,46.108820228737514
172480.0,47.186943814978754
172481.0,47.678075374545315
172482.0,48.06024999017937
172484.0,48.46158776793958
172485.0,48.441274654366595
172486.0,48.187337203939
172487.0,48.25988660736884
172488.0,48.61140329662455
172490.0,48.50044719215375
172491.0,48.5701543346345
172492.0,48.32122904110763
172493.0,48.14240114609734
172494.0,48.17009470353643
172496.0,48.58888889257797
172497.0,49.014117650837036
172498.0,49.542569132272874
172499.0,49.8414713012783
172500.0,49.80806219173431
172502.0,49.66392272373359
172503.0,49.34267764910682
172504.0,49.07094830309471
172505.0,48.99059701126385
172506.0,48.76901492153142
172508.0,48.652585924321
172509.0,48.70788094901291
172510.0,48.77201416445038
172511.0,48.55295263244962
172512.0,48.32955440312386
172514.0,48.317613596792555
172515.0,48.51090436496325
172516.0,48.60617855360043
172517.0,49.02161732864615
172518.0,49.53277230899032
172520.0,50.0393868569213
172521.0,49.34682700200303
172522.0,49.892943513368415
172523.0,49.80463594757943
172524.0,49.552557688833886
172526.0,49.30430943580821
172528.0,49.853235398434286
172529.0,49.136049048427935
172530.0,48.62031213654055
172532.0,48.598209376930846
172533.0,48.63072375955867
172534.0,48.78353979367101
172535.0,49.15279811109209
172536.0,49.93016873928783
172538.0,50.30896498850451
172539.0,50.56495751173286
172540.0,50.4595484072688
172541.0,49.70173913718697
172542.0,49.08317499931579
172544.0,48.75672385390076
172546.0,48.433980403517936
172547.0,48.441752309484066
172548.0,49.00869662039135
172550.0,49.30806265096127
172551.0,49.52707201819352
172552.0,49.98016597626869
172553.0,50.32311184223755
172554.0,51.05310181127099
172556.0,51.520945142446166
172558.0,51.685487684522585
172559.0,51.54682220063287
172560.0,51.194779199378885
172562.0,50.90912014626012
172563.0,51.03617394963088
172564.0,51.225852299083066
172565.0,51.96286781462574
172566.0,52.92683215569603
172568.0,53.05616453417198
172569.0,53.40962312178651
172570.0,54.01632310300096
172571.0,53.860328491577356
172572.0,54.18352017730788
172574.0,54.90305969004961
172575.0,55.32168763479717
172576.0,56.025602418075025
172577.0,56.54871035889298
172578.0,56.67256653680329
172580.0,56.642021383037694
172581.0,56.22489579223848
172582.0,55.20119692327713
172583.0,54.86561513191041
172584.0,54.38530924297743
172585.0,54.53281795865805
172587.0,54.94518021295522
172588.0,55.144096381576844
172589.0,55.05684682928692
172590.0,54.7952799125271
172592.0,54.63385581355875
172593.0,53.550060309649396
172594.0,52.933460396101374
172595.0,52.551484844380944
172596.0,52.459321899291226
172598.0,52.02169855635161
172599.0,52.2072780389483
172600.0,52.33609597372229
172601.0,52.20199041032242
172602.0,52.07563810436839
172604.0,51.8694899762286
172605.0,51.901044192528936
172606.0,51.7396531944137
172607.0,51.64104645658931
172608.0,51.542439896947485
172610.0,51.35707834731939
172611.0,51.01031984917896
172612.0,51.4336187279251
172613.0,51.335016926840055
172614.0,51.01574142619157
172616.0,50.14209604506294
172617.0,48.43856894236694
172618.0,45.70777053637805
172620.0,41.77812711170269
172622.0,35.908047347914575
172628.0,27.80630891435884
172633.0,21.154758311073117
172636.0,15.882164997727681
172639.0,12.631023368632414
172641.0,12.362686727653102
172643.0,16.02089391398789
172645.0,19.669574046053693
172647.0,22.220997592459145
172649.0,24.80201740120176
172651.0,27.346303394869313
172653.0,28.405595904268022
172655.0,30.12089834010012
172656.0,33.321922227530884
172658.0,35.373765086761445
172659.0,37.90706149012513
172660.0,40.497390485130374
172661.0,41.84910404933245
172662.0,42.36726559922527
172664.0,43.779247381541374
172665.0,44.32466597485326
172666.0,45.40838199228343
172667.0,46.78405500901466
172668.0,47.8392433393761
172670.0,48.63853987020674
172671.0,49.41627284242977
172672.0,50.1192256456053
172673.0,50.72966914651287
172674.0,51.18104564202513
172676.0,51.21918339276385
172677.0,50.375912864906354
172678.0,50.312204423531696
172679.0,50.28064661826285
172680.0,50.44335292298875
172682.0,50.66401757154632
172683.0,51.54054986858107
172684.0,51.492901484437404
172686.0,50.889390470329566
172688.0,50.96408733328969
172690.0,51.110669656067145
172692.0,51.11880116303329
172694.0,51.2440091370285
172696.0,52.030585460086435
172697.0,51.8009429201288
172698.0,51.923975002131726
172700.0,52.61466835280886
172702.0,53.06787040928543
172704.0,53.142529904372815
172706.0,53.48771604572594
172707.0,54.84859985946939
172708.0,55.02013734148595
172709.0,53.70815384037204
172710.0,53.64322440172593
172712.0,53.97684493453202
172713.0,53.01151512711717
172714.0,52.337333810039965
172715.0,53.632908910046375
172716.0,53.699046211946914
172718.0,53.15780639176895
172720.0,53.599884811181596
172722.0,54.4042274497862
172724.0,54.67920163553574
172725.0,55.430738032577814
172726.0,56.53446979812492
172727.0,56.75611357006257
172729.0,56.06909368884654
172731.0,57.31525719560318
172733.0,57.38126830031715
172734.0,56.58425101495838
172736.0,56.059920735202056
172738.0,56.06935567547487
172740.0,54.821450669477905
172742.0,53.71230923849104
172744.0,53.0056410600655
172746.0,51.98109372574157
172748.0,52.911381941168244
172750.0,52.06720149438934
172751.0,52.32451087221254
172752.0,53.255634452501496
172754.0,54.45472521393058
172755.0,54.05811627423351
172756.0,54.81848805630631
172758.0,54.928645266311435
172760.0,54.36461889595135
172761.0,54.23092028483537
172763.0,53.69331154352282
172764.0,52.834951520295235
172766.0,51.97700557521698
172767.0,51.63627858383213
172768.0,50.652953465560486
172769.0,49.8413202777736
172770.0,49.12874432375799
172773.0,49.07614107730277
172774.0,48.85296892437276
172776.0,49.52493826050783
172778.0,50.010479168578755
172780.0,51.19825586557075
172782.0,52.46448857220711
172784.0,53.157445170287914
172786.0,53.15475099318892
172788.0,54.038913347631095
172790.0,54.85718814528476
172791.0,54.42080166902224
172792.0,53.95982079000097
172794.0,53.604347788051015
172796.0,52.962116649896245
172798.0,52.25688824344307
172800.0,52.46833722435226
172802.0,53.18568234745796
172804.0,53.87307567363898
172806.0,54.46578890351797
172808.0,54.411266337458336
172809.0,54.48638686453542
172811.0,54.96420037638919
172812.0,54.825900726476064
172814.0,56.08555851541796
172816.0,56.250186581863474
172818.0,55.585550719538006
172820.0,55.16917135069625
172821.0,54.58144863529335
172823.0,50.37867125141673
172826.0,44.73540874535539
172830.0,37.02473664237682
172836.0,27.80376904139373
172840.0,21.183811948087616
172842.0,17.71827307513153
172844.0,17.627092900487412
172846.0,20.99095951491086
172848.0,26.057222511792368
172850.0,30.311810378152767
172852.0,33.13939389896201
172854.0,35.28165376590788
172856.0,37.25823422970548
172857.0,38.87274333030807
172858.0,39.74251806929538
172859.0,40.893810364227434
172860.0,42.66688533496076
172862.0,44.489894979841225
172864.0,46.27699716792245
172865.0,47.57155027205043
172866.0,48.74813357510134
172868.0,49.97907623522309
172869.0,51.004448617317614
172870.0,51.387135960610884
172871.0,50.67509922019486
172872.0,51.462181858619545
172874.0,52.36713992839751
172876.0,52.431210852921495
172877.0,51.25822214999481
172878.0,51.3374287327361
172880.0,51.180996518907826
172881.0,50.671487627208975
172882.0,50.319550228694496
172884.0,51.044542297722174
172886.0,51.37632893337475
172888.0,50.86582709590864
172890.0,49.88926626068788
172892.0,48.511614632252595
172894.0,45.27175136232434
172895.0,42.820949162445196
172897.0,38.39959632009967
172899.0,33.39240140375326
172901.0,29.23388957351431
172904.0,26.60833674861403
172906.0,25.05683153477464
172908.0,27.844390193339045
172910.0,31.453052559749544
172912.0,33.20360538826323
172913.0,38.72382921687071
172914.0,40.92758426966394
172916.0,41.118513413255044
172917.0,41.79097941628083
172918.0,43.643723028462105
172920.0,42.755073151148586
172922.0,44.308178588037165
172923.0,45.18755346078147
172926.0,45.85589358648515
172928.0,47.612816606271
172930.0,49.18896155202445
172931.0,49.74631695300083
172932.0,50.3557684181568
172934.0,50.26999012704271
172936.0,50.53685450248623
172938.0,51.272916799529
172940.0,52.25788304049102
172941.0,53.213540505593166
172942.0,54.64721526398496
172943.0,55.04373560445642
172944.0,54.78540310068879
172946.0,54.771975550099924
172948.0,55.20122174884658
172949.0,56.077911113293055
172950.0,57.431873541605626
172952.0,60.13019401337688
172953.0,61.415911690307055
172954.0,57.78556075021858
172956.0,56.686813601463584
172958.0,55.90866335310949
172960.0,54.342967942162865
172962.0,53.553046996025124
172964.0,56.20877791671154
172965.0,56.58144904144346
172966.0,56.09572125669182
172968.0,57.23743608077491
172970.0,56.44435584197284
172973.0,56.38276796495741
172974.0,56.266197310163946
172976.0,56.05270594227185
172977.0,53.56344597371469
172978.0,53.71180188272755
172979.0,55.1041920252631
172980.0,54.92639086348045
172982.0,55.08789046342687
172984.0,55.77915064851102
172985.0,55.79323119494054
172986.0,55.910622777736194
172988.0,56.2387888166471
172990.0,56.21222055833298
172992.0,55.67527503152719
172994.0,55.69730948154249
172996.0,54.697841908197304
172998.0,54.50567034987972
173000.0,54.54987487088299
173001.0,54.56614883452746
173002.0,55.22959133846204
173003.0,56.89510918395397
173004.0,57.57157215901274
173006.0,57.33099212406539
173007.0,57.567323030769124
173008.0,56.9837529385354
173010.0,54.97061409616666
173012.0,54.20348863576022
173013.0,53.540366343887605
173014.0,53.08390544280754
173016.0,52.75971583240117
173018.0,53.438772344134236
173020.0,53.24456243868612
173021.0,53.71264073668029
173022.0,53.538042580776846
173024.0,53.57845356843886
173026.0,53.872164699904204
173027.0,54.54237633373596
173028.0,55.09984489685196
173030.0,55.257578047651485
173031.0,55.640189818343764
173033.0,55.3908373041388
173034.0,55.10329374580082
173036.0,55.28438459016163
173037.0,56.23527887353828
173038.0,55.78383444005097
173039.0,56.34528656581699
173040.0,56.816794668765205
173042.0,57.23862164806114
173043.0,57.22799285143217
173044.0,58.624210401455414
173046.0,58.72076605058892
173048.0,59.21744984552712
173049.0,59.60388497370432
173050.0,60.12166266351751
173051.0,60.40826833592065
173052.0,60.668311673114125
173055.0,60.47555964924614
173057.0,60.39187701712463
173058.0,59.985048649357246
173059.0,59.87212829275727
173061.0,59.780966659117624
173062.0,60.087822987843516
173064.0,60.07582831665125
173066.0,60.78374520789197
173067.0,61.598615655574825
173068.0,59.62754328108707
173069.0,58.37295541046569
173070.0,57.456426010079724
173072.0,56.63009020321725
173074.0,54.67182885789075
173076.0,55.78921833561461
173078.0,57.45152356066311
173079.0,57.5401831255037
173080.0,56.67395409750789
173081.0,56.128605715749345
173082.0,55.51360456402593
173084.0,52.367358251094494
173085.0,50.2584125196871
173086.0,49.2220306443496
173087.0,49.02520942141406
173088.0,49.1123684658717
173090.0,50.94238677671436
173091.0,53.385740937680076
173092.0,55.173692210999185
173093.0,56.18194838784748
173094.0,56.552152148484275
173096.0,56.15685375620842
173097.0,55.775351488561384
173098.0,55.60261571730955
173099.0,59.47908406952661
173100.0,59.455937287323536
173102.0,58.71129699564873
173103.0,56.691633695987164
173104.0,53.36042464358977
173105.0,45.631033800795514
173108.0,39.96404690418795
173112.0,31.699637435908947
173120.0,24.27778685574058
173122.0,20.444576764422372
173124.0,20.792414714832336
173126.0,22.89341788710882
173128.0,28.135767535849943
173130.0,30.699966146212677
173132.0,32.02893059117743
173134.0,30.536992551333633
173135.0,31.49605307142061
173137.0,32.06375653970757
173138.0,38.811431080084404
173140.0,40.14293382834192
173141.0,43.57708219300808
173143.0,45.267311628122464
173145.0,46.97241049195986
173146.0,45.432338892298525
173148.0,49.317743569412094
173150.0,50.27590868507709
173152.0,51.30074992616066
173154.0,53.41916244118166
173156.0,55.67620156625863
173158.0,56.566134217721014
173160.0,56.799604277873
173162.0,56.842063557833114
173164.0,55.9651365286807
173166.0,56.05903453265363
173168.0,55.35172731299137
173169.0,55.41189882579889
173170.0,55.79016771195037
173172.0,57.91470047855565
173174.0,57.755341490217326
173176.0,58.48524175214341
173177.0,58.94083239185816
173178.0,59.320771897145434
173180.0,59.49181395218532
173182.0,60.02335205788954
173183.0,61.678372106066966
173184.0,62.63799092023262
173186.0,64.70158559412616
173187.0,61.49651409352742
173189.0,60.94937131875586
173190.0,61.07139672612003
173192.0,59.91914775593896
173194.0,57.4510128591376
173196.0,59.20393666286613
173198.0,59.317737010616895
173200.0,57.51755259533415
173202.0,57.3447556889328
173204.0,56.904262345139614
173206.0,58.338135972668375
173207.0,58.00549554822756
173208.0,58.47496055461526
173209.0,57.73111485331335
173211.0,55.100300960541325
173212.0,52.22645720980029
173214.0,50.24953798222877
173216.0,47.110664753251704
173218.0,45.096122906279255
173219.0,47.049320647573886
173220.0,49.944662980366786
173222.0,55.63034180490448
173224.0,59.54462479950932
173225.0,63.44898286275518
173226.0,64.54343108361262
173228.0,63.65757905331812
173229.0,60.23248920709945
173230.0,60.17525009220238
173232.0,59.541113092107125
173234.0,60.27754030926792
173236.0,60.24416438452458
173238.0,60.9278664161685
173240.0,60.53010622935069
173242.0,61.20023434536777
173244.0,61.2650196528384
173246.0,61.76700877879266
173248.0,60.704066706047044
173250.0,59.89397017176236
173252.0,59.343427189373855
173254.0,58.187404309955994
173255.0,56.117848833468464
173256.0,54.4463954390503
173258.0,55.45859757714349
173260.0,54.87519548853135
173262.0,54.71226851115669
173265.0,55.3983965149675
173266.0,54.74456909127737
173267.0,50.33886833724638
173269.0,48.80887024330949
173270.0,47.21903782317614
173272.0,45.643461028158704
173273.0,47.49032908535072
173275.0,46.7033612713426
173277.0,44.62991120289856
173278.0,43.5345125068014
173280.0,41.661084630112036
173281.0,39.07622362242239
173282.0,40.74861388786351
173283.0,41.46173841399322
173284.0,41.6856720709957
173285.0,42.501524557749356
173287.0,43.272801307205974
173289.0,43.7200296081078
173291.0,44.248944369447536
173293.0,45.277896505432196
173295.0,47.24872786130103
173297.0,49.78894739962409
173299.0,51.1328672559666
173301.0,52.59028121508303
173302.0,53.40833865071274
173303.0,53.11032529541923
173305.0,52.05259094954433
173306.0,51.4470120924071
173307.0,51.46698558747005
173309.0,51.750289825894505
173311.0,51.70072080803469
173312.0,51.391658580889974
173314.0,51.81710389906742
173315.0,52.15285626329087
173317.0,53.03128888491028
173318.0,54.17394756167978
173320.0,55.81362830395524
173321.0,56.79027361506087
173323.0,58.02414119570553
173325.0,58.24309488593428
173327.0,58.49661727401718
173329.0,56.35742890141114
173330.0,54.99286367162333
173331.0,54.186960031164496
173333.0,53.24503023172853
173335.0,52.55756545921217
173336.0,53.27606027616473
173338.0,55.19286160711208
173339.0,55.95310093822129
173341.0,54.733804283931
173343.0,54.22238116472945
173344.0,55.87301720112945
173345.0,55.94641833050942
173347.0,56.20287057150248
173348.0,59.39338452443199
173349.0,61.6492287368085
173351.0,61.35993301690193
173353.0,60.240844780101135
173355.0,58.61361621944432
173357.0,55.45791285745238
173359.0,50.17307480066434
173361.0,43.639797276908716
173363.0,36.31112096193901
173366.0,28.42682645656841
173371.0,21.551869067410514
173375.0,17.859129565166988
173377.0,17.331099206257072
173379.0,19.30980607505008
173381.0,23.308929174090256
173383.0,27.5117696104267
173384.0,32.3168682359081
173386.0,33.64703452908304
173387.0,36.0305274054111
173389.0,37.58708228096248
173390.0,39.04858930386327
173391.0,39.03741108866702
173392.0,41.57342031829201
173393.0,42.396836192667955
173395.0,43.192040579495114
173397.0,44.55716259160227
173399.0,46.43081037344224
173401.0,47.68635787396029
173403.0,48.44019381811481
173405.0,48.74192003771838
173407.0,48.09001248755864
173409.0,46.459646807840656
173411.0,40.71313413299457
173412.0,38.6119374833017
173414.0,37.16648265644363
173416.0,35.68200719480319
173418.0,34.53290948891536
173420.0,37.78200398964495
173422.0,38.186884001828076
173424.0,37.579374817403874
173426.0,37.38539357027459
173427.0,37.42929988574108
173429.0,35.58579407020309
173430.0,36.68915116993753
173432.0,37.80638206703357
173434.0,37.301543289303666
173435.0,37.19045628575688
173438.0,38.29887782179458
173440.0,36.87314532213709
173442.0,36.6507596699743
173444.0,37.020920784677514
173446.0,37.187420409014514
173447.0,38.41171970958968
173448.0,37.980838842632124
173450.0,37.81041563499959
173452.0,38.270492299858326
173454.0,38.801037046688364
173456.0,39.53517734882716
173457.0,40.806001356963954
173459.0,41.971865679322846
173460.0,43.83754063346023
173462.0,46.534528948797345
173463.0,50.47948991413328
173464.0,51.46666841849124
173465.0,51.213492464108846
173466.0,49.59106723027627
173468.0,48.42553335552232
173469.0,47.208986468438056
173470.0,50.90622243803054
173471.0,52.23533971686155
173472.0,55.14422278813138
173474.0,56.61876383620444
173475.0,56.682643258381745
173477.0,54.84196102076652
173478.0,56.36830152965987
173480.0,57.047514982806646
173481.0,57.83745235135554
173482.0,57.26863200793821
173483.0,56.799175657579156
173484.0,56.131798914237265
173486.0,55.8421453832206
173489.0,55.375794672531775
173490.0,56.34579152357428
173492.0,57.16596061477728
173493.0,58.09174886285176
173494.0,58.339559311092344
173495.0,58.53090035711667
173496.0,58.61732078813492
173498.0,58.87988934525066
173499.0,58.83243429799472
173501.0,59.11284249739805
173502.0,59.221950200856114
173504.0,58.86026274586434
173506.0,59.18334695355755
173507.0,59.0114971043026
173508.0,58.92915602620053
173510.0,59.02590661358774
173511.0,59.62584523616082
173512.0,59.60475957087584
173514.0,60.64391937655502
173516.0,62.77131844581786
173517.0,62.95940419827025
173518.0,63.26316495620182
173519.0,63.24086049555317
173520.0,62.80561306712893
173522.0,61.02753813792445
173523.0,61.0654283407285
173524.0,60.76160437470086
173526.0,60.577847787543035
173528.0,60.39086991034041
173530.0,60.28441797800308
173532.0,60.30933315398494
173534.0,60.339915468131025
173536.0,59.99972569980987
173538.0,59.67827679359416
173540.0,59.57842950186432
173542.0,58.99754682156386
173544.0,58.83715657697769
173546.0,58.78269450437672
173548.0,58.99256693787604
173549.0,59.25173661792619
173550.0,59.94143300349405
173552.0,60.977327099420314
173554.0,61.31719434093583
173555.0,61.73379358519393
173556.0,61.79065955138375
173558.0,61.81370177055508
173559.0,60.72547195138513
173560.0,60.35983428131955
173561.0,59.80342714826029
173562.0,59.52876238809798
173564.0,59.02632008176772
173566.0,59.22802906939067
173567.0,61.36702386277108
173568.0,62.55650960742132
173570.0,62.01088079587024
173572.0,61.70405243343801
173574.0,62.024553762602025
173576.0,60.543232412948456
173578.0,59.65246992676489
173579.0,60.12766434362062
173581.0,60.60826902381764
173583.0,60.31911283320578
173585.0,59.74029632823378
173586.0,59.40656882562668
173588.0,58.75764410378669
173590.0,58.771755906162674
173591.0,56.605880276474025
173592.0,56.807864594755564
173594.0,57.03654163626442
173595.0,58.815304426893405
173596.0,58.416204132941346
173597.0,60.111063774383126
173598.0,59.544005757329174
173600.0,60.626603627450095
173601.0,60.21278664351818
173602.0,60.30788689093458
173603.0,62.576638277875496
173604.0,62.827405008925666
173606.0,62.0222849635464
173607.0,64.44020410252266
173608.0,68.85884855174386
173609.0,70.05482492990096
173610.0,70.67137743271806
173612.0,68.09983560333782
173613.0,62.282903892233186
173615.0,54.64787164169212
173616.0,46.891539058199456
173618.0,40.309603460907354
173622.0,32.588772148193975
173627.0,24.914173371777135
173631.0,18.384374458573355
173635.0,13.125353484168567
173639.0,9.480007791983654
173642.0,9.939001260847752
173644.0,12.319653114388021
173646.0,15.235484787199931
173648.0,19.019920600967488
173650.0,22.68045211442284
173652.0,26.428264945566504
173654.0,29.68714801777178
173655.0,32.680972115328736
173657.0,34.58608324279226
173658.0,37.135359741719846
173660.0,39.00305489768673
173662.0,40.26646723542154
173664.0,41.352170078444324
173666.0,43.04471141250393
173668.0,44.24052988564912
173669.0,45.60592046408219
173671.0,47.049661705465894
173673.0,48.26351216783098
173675.0,49.228062201832785
173676.0,50.27017814367453
173678.0,51.30147774018026
173679.0,51.908255355472264
173680.0,52.38556978812731
173681.0,52.82177856358336
173682.0,53.17812458207239
173684.0,54.00862046274949
173685.0,54.76870915882334
173686.0,55.707473797335396
173687.0,56.50481830579056
173688.0,57.11618063021236
173690.0,57.36996214019732
173691.0,56.493031369860866
173692.0,56.076264995475945
173694.0,55.97272737298498
173696.0,56.16729707205927
173697.0,56.19348145710004
173699.0,57.286070335554015
173700.0,57.551960679066624
173702.0,57.34238211929177
173704.0,57.14563450225798
173705.0,56.751425625275736
173706.0,56.547381417831275
173708.0,56.59835954971337
173710.0,56.59480010510373
173711.0,56.56585274315188
173713.0,56.61832038059789
173714.0,56.631326850349886
173715.0,56.773869622934555
173717.0,56.60100996045696
173719.0,56.35622629090835
173720.0,56.48748549979465
173721.0,56.46274737750522
173722.0,56.110123140655936
173723.0,56.294703009852356
173724.0,56.11759985777487
173726.0,55.28685785550522
173727.0,55.46986612342918
173728.0,55.55341349857664
173729.0,55.700967711624784
173730.0,55.72642489812638
173732.0,56.39779247313892
173734.0,56.1441026407836
173735.0,56.006408646553744
173736.0,55.49716838476412
173738.0,55.53717577190903
173740.0,55.19988361073619
173741.0,55.106757070887454
173742.0,55.1193551766204
173744.0,55.46437244451405
173746.0,55.827188632506406
173748.0,56.47179215679108
173750.0,57.154286889859314
173752.0,58.01558776022531
173754.0,58.43912628635161
173756.0,58.68011739352319
173758.0,58.20947138262504
173760.0,57.75763027394704
173762.0,57.24823036927309
173764.0,56.25529822190252
173766.0,55.24270054487859
173768.0,54.1835194154729
173770.0,52.03028655254059
173772.0,48.54368676839947
173774.0,44.08328222152514
173776.0,38.114791366107035
173778.0,32.15119064266956
173780.0,27.513041976369106
173782.0,24.51232569322668
173784.0,23.27224354647148
173786.0,24.423468979635704
173788.0,27.277559454392065
173790.0,29.819117850990004
173792.0,32.27320033807173
173794.0,34.844834390244046
173796.0,37.05371207036737
173798.0,38.8332918879986
173800.0,41.58015541695537
173802.0,43.591550505212396
173804.0,45.63430516098276
173805.0,48.77542538296714
173806.0,50.285814530070994
173807.0,51.16158038129695
173808.0,52.446380287938055
173810.0,53.50145280688374
173811.0,52.9313312262626
173812.0,53.667952854514546
173814.0,53.93047253946522
173816.0,54.46177924257752
173817.0,55.05801472028865
173818.0,55.64517128554794
173820.0,56.08861961362627
173822.0,56.515867105371434
173824.0,56.48427370440352
173826.0,56.31285521549281
173828.0,56.33756499831403
173830.0,56.38384799511423
173832.0,56.505339890756815
173834.0,56.73273946792411
173836.0,56.72141564935883
173838.0,56.54381432563888
173840.0,55.92846661182067
173842.0,54.46404219416202
173844.0,52.33667523455928
173846.0,48.86695030782347
173848.0,43.362878985026
173850.0,36.58550842607071
173854.0,28.522700990425943
173858.0,21.504240207232495
173870.0,14.580330310225884
173874.0,11.27931929779557
173878.0,9.232946617075509
173882.0,9.985196484285702
173886.0,11.488148798105472
173888.0,15.599392958739136
173890.0,19.49977753436615
173892.0,22.853129776352784
173894.0,25.867303770436603
173896.0,28.56690623142054
173898.0,30.72209605126323
173900.0,31.9873046786828
173902.0,34.89977932631395
173904.0,37.65290669934406
173906.0,39.89536773444869
173908.0,42.23995417774832
173909.0,43.3681937552871
173910.0,43.58131015767286
173912.0,45.39989088141978
173913.0,46.984931387958206
173914.0,47.94247223327419
173915.0,49.69979632316076
173916.0,52.052226957149045
173918.0,52.87934496313568
173919.0,54.06379613814114
173920.0,54.87756844864597
173922.0,56.00253161502083
173924.0,56.754379617098
173925.0,57.63948638198942
173927.0,57.856098278755724
173928.0,58.77550718896282
173930.0,58.96058298333746
173931.0,60.03646928894149
173932.0,60.32500545082867
173933.0,62.75363279932517
173934.0,63.787607637277155
173936.0,65.4191766964629
173937.0,65.8045528786113
173938.0,66.94842823667098
173939.0,66.32466527136867
173940.0,66.01848139958825
173943.0,65.77992706696236
173945.0,65.94673772313902
173946.0,65.32041225912303
173948.0,64.72147319089555
173950.0,65.10495485892616
173952.0,61.46038733380002
173954.0,59.831578844702356
173956.0,60.15849081143413
173957.0,62.02444878561397
173958.0,62.55980994170975
173960.0,66.27461482546165
173961.0,67.92796007129171
173962.0,65.2710349394496
173964.0,63.25341034075414
173966.0,63.71974637896302
173967.0,62.633476018589434
173968.0,61.816484495578585
173969.0,61.58341205766866
173970.0,61.286918241972856
173972.0,57.856604096886166
173974.0,59.28939867049669
173976.0,59.26199314463539
173978.0,60.56749322898561
173980.0,59.347126430196155
173982.0,58.34298487831779
173984.0,55.82426859820731
173986.0,53.88112496235691
173988.0,53.87088429012199
173990.0,56.449873344644004
173991.0,58.353423092500044
173993.0,60.57774175527777
173994.0,64.78785951601148
173996.0,65.58879342637938
173998.0,64.92491310911929
174000.0,64.93647661534222
174002.0,63.404913628154716
174003.0,59.658577435538156
174004.0,62.34258339429639
174005.0,63.60176330194959
174006.0,63.35750026056915
174008.0,63.46763557676866
174009.0,64.9545748797323
174011.0,61.239892085572066
174012.0,57.63362163275654
174014.0,57.96670213323356
174016.0,58.32716652949102
174018.0,57.78336622169055
174020.0,57.307768605680415
174022.0,58.03534804549243
174024.0,58.11543938470119
174026.0,56.81778766307936
174028.0,57.00754502317081
174030.0,58.51470765472412
174032.0,59.60829544444772
174033.0,60.74140188919457
174034.0,62.09734373256644
174035.0,62.21326235749076
174036.0,62.51776537063868
174038.0,62.84549702058706
174039.0,63.66677713359927
174040.0,66.19656958900171
174041.0,66.8184877348126
174042.0,67.44841324511954
174044.0,68.84456601555777
174046.0,66.92307810706662
174048.0,65.6501632587486
174050.0,65.57732763356083
174051.0,64.52600357595682
174053.0,61.50881801547384
174054.0,60.25588038374366
174056.0,57.19939571306941
174058.0,54.70262821641402
174060.0,52.2942312999583
174062.0,47.10219061464858
174064.0,40.18896071734304
174066.0,34.393886182565026
174069.0,27.32347462859226
174072.0,20.534116292231406
174074.0,18.80657228072123
174076.0,19.034493368923968
174079.0,16.974877086810345
174093.0,14.36433558665929
174097.0,13.785019962800215
174099.0,14.121767090942445
174101.0,14.465486874029699
174103.0,17.417340236871844
174105.0,22.747988254675185
174107.0,26.865278708383112
174108.0,29.738647148786765
174110.0,32.378017477350284
174112.0,34.7477531524773
174113.0,36.60553245478869
174114.0,37.65940842285627
174116.0,38.276139207731745
174118.0,39.482484537360406
174119.0,39.998733188436574
174120.0,40.20658164172853
174121.0,41.23164240547383
174123.0,41.873430337392804
174124.0,43.05564870645621
174125.0,42.760762704116125
174126.0,43.723882453587834
174128.0,43.649414998154306
174129.0,43.880177046685816
174130.0,43.86033659705637
174131.0,45.0292611953467
174132.0,46.15760562712457
174134.0,47.587536898190024
174136.0,48.19955311153071
174138.0,49.38999594285519
174140.0,50.286121315680724
174141.0,50.25176603265881
174143.0,50.49414201009144
174144.0,50.6653794856927
174146.0,50.64149047441981
174147.0,50.890746085072976
174148.0,50.530292704127994
174149.0,49.72967660632964
174150.0,49.304278054652954
174151.0,47.708449908273465
174153.0,46.355356612119564
174154.0,46.36970397664574
174156.0,47.190145717909914
174158.0,48.528329446851124
174160.0,50.34056531263436
174161.0,51.58876396966859
174162.0,51.09760418812173
174164.0,48.850137184746174
174166.0,44.951334726196194
174168.0,40.5402661786095
174170.0,36.22997638254691
174172.0,32.57339482785626
174174.0,30.078031350934037
174176.0,28.57197366801564
174178.0,28.509033303839733
174180.0,26.908185948287468
174182.0,25.245421483095818
174184.0,23.761704074456205
174186.0,23.39941912683506
174188.0,23.26946930327036
174190.0,25.533689078716368
174192.0,29.147967458784972
174194.0,33.636349162907365
174196.0,37.699956580466406
174198.0,40.45734243664698
174200.0,42.903766382240235
174202.0,45.05758042105519
174204.0,46.370828803032964
174206.0,47.24144471932542
174208.0,48.651274961869504
174210.0,49.22000102197042
174212.0,49.33880388202771
174214.0,50.055235730405755
174215.0,50.71071778326923
174216.0,50.65187718247102
174218.0,50.77478626869234
174219.0,50.97779337986284
174220.0,49.53264576544863
174221.0,47.911849372863124
174222.0,46.717401867075566
174224.0,46.16660410811322
174225.0,45.774541556655834
174226.0,46.21829762303394
174228.0,46.36326271566598
174230.0,46.96643503834475
174231.0,45.94252991516117
174232.0,48.14280125360659
174233.0,49.14504062941539
174234.0,50.0573239198163
174236.0,50.78083202423855
174237.0,51.734430910337096
174238.0,50.83443575253169
174239.0,50.09022458766593
174240.0,49.23492471300343
174242.0,48.183444088940654
174243.0,48.30873152540222
174245.0,46.83111095568936
174246.0,46.83545409502049
174248.0,47.757050602045645
174249.0,48.983139797687
174250.0,50.20395248438037
174252.0,51.13317569943714
174254.0,51.382697394871414
174256.0,51.35692290779873
174258.0,50.938881249676676
174260.0,52.54470625172072
174261.0,52.6535018617201
174262.0,51.10687347093411
174263.0,51.41874301185193
174264.0,51.43058710577835
174266.0,48.51268722810033
174267.0,46.400938560965976
174268.0,45.20743389378832
174270.0,41.874096043769214
174272.0,36.0973163056472
174277.0,28.595903029531353
174280.0,23.964026298113914
174282.0,21.136963525783848
174284.0,18.67598699054733
174285.0,25.03785270146597
174287.0,30.10183253468432
174289.0,30.326575346946157
174291.0,34.102557007968144
174293.0,36.82646219247904
174295.0,34.95774676902467
174297.0,37.873742573858706
174299.0,43.41477919230933
174301.0,44.634002949219834
174303.0,46.789787018441366
174304.0,47.70842643860753
174305.0,47.53903199319093
174307.0,47.5677417307575
174308.0,47.96703384757008
174309.0,48.43970944616375
174310.0,48.565445546281964
174311.0,46.50103805182564
174314.0,46.825765579631984
174316.0,45.56018683533887
174317.0,45.158550526781724
174319.0,43.515628823827214
174321.0,40.60947648672066
174325.0,33.27249420603046
174330.0,26.62267795942937
174332.0,21.00405209925566
174334.0,16.957698256653547
174337.0,17.08209148705018
174339.0,19.585426025495277
174341.0,23.310946245276476
174343.0,23.600377486387305
174351.0,20.401022555084204
174356.0,17.92703269047392
174359.0,15.655063395139944
174361.0,13.732881488594819
174363.0,14.47456012300733
174365.0,18.912531320626396
174367.0,23.610669007344434
174369.0,26.714231521889758
174371.0,29.066531492532448
174373.0,29.89403502368027
174375.0,31.25832874329667
174377.0,32.69352291231894
174379.0,38.343742360466045
174380.0,40.87992111256518
174381.0,43.10237674481974
174382.0,44.535917452303444
174383.0,44.64143477461708
174385.0,41.90720328082157
174386.0,41.10797191865434
174388.0,41.924678175287134
174389.0,42.873020296064546
174391.0,43.45286435073233
174392.0,43.97791534299231
174393.0,45.491061374397454
174394.0,46.42090939345787
174395.0,46.92576111508755
174397.0,47.09530498587846
174399.0,47.51323595992572
174401.0,47.70580931771557
174403.0,47.24355908082678
174404.0,46.29346426434505
174406.0,45.927552957753726
174408.0,40.92512877266868
174411.0,33.78649571668984
174416.0,25.964027898512207
174419.0,20.416067723122236
174421.0,16.107683346998623
174423.0,16.09682748133195
174425.0,17.380520367989273
174428.0,19.250233593869385
174431.0,19.870959671539477
174433.0,20.267279675739395
174435.0,20.494366269732208
174437.0,21.2769429909706
174439.0,21.59086272242987
174441.0,22.66846467072669
174445.0,20.626938740186286
174449.0,18.017456407282868
174452.0,17.12599848178385
174455.0,16.27300762460041
174458.0,14.507615781592216
174461.0,14.60315180235394
174466.0,14.682043318559517
174470.0,13.291488480726125
174476.0,11.817841537183684
174482.0,14.834134577017531
174487.0,16.31434535083084
174495.0,14.958785584214292
174515.0,13.097544157793331
174520.0,13.34171781381541
174523.0,9.90358555456952
174530.0,6.690593646543277
174536.0,7.451446336662608
174539.0,9.978899209268404
174541.0,12.180492990244405
174548.0,11.046741432868398
174553.0,24.698148584897133
174555.0,39.06826009277093
174556.0,53.197776660566184
174557.0,57.89744792198975
174559.0,71.91199352335522
174560.0,69.86903833430651
174561.0,63.77066141425455
174562.0,56.263234778481
174563.0,56.529725298021376
174579.0,41.60118881117002
174583.0,32.07510122164732
174590.0,23.207808638574644
174592.0,17.802467367552033
174596.0,10.841691783758595
174610.0,10.835735806774212
174621.0,8.29561835056356
174628.0,8.284128714816056
174641.0,4.973405662343803
430959.0,3.2194349828144153
430959.0,2.6567253796956285
430962.0,9.53761242375331
430964.0,17.80187279649009
430966.0,27.24058048468761
430968.0,38.32245708095503
430969.0,49.93162547550888
430971.0,47.50447724104708
430973.0,48.31893480599247
430974.0,48.44059162903659
430975.0,47.49866739758652
430977.0,45.930939267010416
430978.0,50.50337908471934
430980.0,50.80874419019875
430981.0,50.86143795533947
430984.0,50.638224771435446
430986.0,50.514651368931254
430988.0,51.218098467955656
430990.0,51.379900665187144
430992.0,50.87039755454646
430994.0,50.54460161139906
430996.0,50.42298388757175
430997.0,49.00383604494762
430998.0,47.779630969630084
431000.0,47.288556445220536
431001.0,46.59251029518897
431002.0,45.466592917433765
431003.0,45.00503433715296
431004.0,43.96362769759916
431006.0,42.175347070534734
431008.0,39.61429040321959
431010.0,35.71480224869841
431014.0,30.512816739289445
431017.0,24.639222244081175
431023.0,18.225092114485083
431031.0,12.956804625260556
431034.0,11.942521001084032
431036.0,12.677989894013368
431038.0,13.99341723846211
431040.0,17.648839911753306
431043.0,22.094796158351464
431045.0,24.67621370416247
431046.0,28.562894976937514
431048.0,31.985491912788824
431050.0,35.314906069297805
431052.0,36.49116446653796
431054.0,38.223013696045726
431055.0,38.22300588184528
431057.0,39.90558309408924
431059.0,40.64430155943168
431061.0,42.301364144499274
431062.0,42.706039987237205
431064.0,44.848478870230466
431065.0,44.89165053353056
431067.0,44.97657983517273
431068.0,46.87690519263309
431070.0,48.25372892460341
431072.0,48.50465384069874
431074.0,49.38788689938751
431076.0,50.81137246203426
431078.0,51.04563083780532
431079.0,52.36982280632837
431080.0,52.718887619365645
431082.0,53.08416227882985
431084.0,51.744751748691066
431085.0,48.96519559069766
431086.0,45.74782102306313
431087.0,42.80634160201557
431089.0,39.99804623638017
431091.0,37.72980882816928
431093.0,37.33474680725105
431095.0,37.71228725675339
431096.0,39.41798993803575
431097.0,39.67807901440767
431098.0,40.26274068176893
431099.0,40.8055076203787
431100.0,40.616660092448896
431102.0,39.376542658077355
431103.0,39.67520656019325
431104.0,40.307016874271625
431106.0,39.89427412270891
431108.0,38.71437715453055
431111.0,34.87943484830532
431112.0,35.01124448635908
431115.0,30.323736867850222
431118.0,25.67846141422396
431121.0,22.120416861995295
431123.0,22.09017839156901
431125.0,19.00423811840077
431127.0,20.898486953946986
431129.0,24.60046272824273
431131.0,28.33986421828873
431132.0,31.5255516509665
431134.0,34.46319680255686
431135.0,37.941308155108814
431136.0,39.61128505933695
431138.0,41.09086918939098
431140.0,42.68033179256245
431141.0,44.42523398592852
431142.0,45.94441775991041
431144.0,47.80073341688775
431145.0,49.540314088079874
431147.0,50.5642635275995
431148.0,50.41884237573778
431150.0,49.38327357604438
431151.0,48.22557235928325
431152.0,47.074954175873515
431153.0,44.92460164515383
431155.0,41.94567972475793
431157.0,38.21901951577598
431159.0,33.4062834921492
431162.0,28.639859302776188
431166.0,23.780583868280438
431169.0,20.381718970289743
431171.0,19.16889656337839
431173.0,19.920669091517844
431175.0,21.388701997560307
431177.0,24.88961796853345
431179.0,27.80441843829255
431180.0,32.55082616922595
431181.0,35.695048598314415
431183.0,38.69856248427572
431184.0,41.75769327888857
431186.0,45.39371464455126
431188.0,46.35745859270757
431190.0,48.385149192933525
431192.0,50.03302087034116
431193.0,51.41998250541535
431194.0,52.71690359316905
431195.0,53.33967179108261
431197.0,54.98636620638032
431198.0,57.66277024654498
431199.0,58.73217118866497
431200.0,59.527425420173664
431202.0,59.45259544019024
431204.0,59.82079754827525
431205.0,57.38519686074928
431207.0,56.829851489066115
431208.0,56.74130436027919
431210.0,57.75133959696218
431211.0,56.71175162124139
431213.0,57.49628951656941
431214.0,57.40061802836086
431216.0,57.62000928040278
431217.0,58.73621654105998
431219.0,59.58244762660786
431220.0,59.472356574427955
431222.0,59.45619549740634
431223.0,59.16486033764225
431225.0,58.690679959152895
431226.0,58.2174085612282
431228.0,57.926803467682454
431229.0,57.69877110392247
431231.0,55.19236359324911
431232.0,50.24731995691188
431234.0,45.27075497362244
431236.0,38.45105321715519
431240.0,29.076243786956518
431247.0,21.149591762843208
431249.0,18.434697156976632
431252.0,15.297250645663357
431254.0,14.536087163505902
431257.0,17.00553862169178
431259.0,20.53327240875072
431261.0,21.28900818602914
431264.0,23.981709386865756
431266.0,27.140952623635872
431267.0,30.02102377926006
431269.0,31.450118509033096
431271.0,32.356782305505455
431273.0,33.16845930932398
431274.0,34.896962631337715
431276.0,36.20922672665803
431278.0,37.83328756529619
431279.0,39.04595943232273
431281.0,39.305813599664006
431282.0,38.028183973519745
431283.0,36.847669970312886
431284.0,36.460906924942606
431285.0,36.83816041031973
431286.0,37.44433641162595
431288.0,37.74344192274542
431289.0,37.61539020388006
431290.0,37.756768135508885
431292.0,37.4127908323379
431294.0,37.42789506535902
431296.0,37.782556353967664
431298.0,38.34537289190565
431300.0,39.282265859399516
431301.0,40.96271232768687
431303.0,42.690540983346374
431304.0,44.17724206426935
431305.0,46.032093159161754
431306.0,46.719185622838054
431307.0,46.44193991843765
431309.0,45.51602412733745
431310.0,44.15484976483624
431312.0,43.00270380940335
431313.0,42.32691537394938
431314.0,41.981820819603534
431315.0,42.447893501025206
431317.0,43.170371030150996
431319.0,43.70741512370725
431320.0,44.08554741439557
431321.0,44.114539272185525
431323.0,43.6970455370977
431324.0,43.44474887881331
431326.0,42.939728690186385
431328.0,42.407140911946684
431329.0,43.160234745350145
431331.0,43.90342082395445
431333.0,45.349346733722655
431334.0,47.26742191064763
431336.0,49.68631699175263
431337.0,50.85106443289288
431338.0,53.88898962726826
431339.0,55.782176041193985
431340.0,56.73090312241036
431342.0,57.87030634854675
431343.0,60.04314183191538
431345.0,59.43257716383346
431347.0,60.31492204684439
431348.0,61.03639213644233
431349.0,63.92353315191964
431350.0,65.11766320460785
431351.0,66.40874828441505
431352.0,65.93852493341197
431355.0,65.94129433847631
431356.0,63.381431637790456
431358.0,61.236947756335645
431360.0,60.67254427757871
431362.0,60.45995823748965
431363.0,60.91273182508401
431365.0,60.84575379746285
431366.0,61.924497879834504
431367.0,61.87852535387767
431369.0,61.9948167707239
431370.0,60.822414358929414
431372.0,61.100530880940596
431373.0,59.73640491649693
431374.0,60.5211762936569
431375.0,61.28374314752434
431376.0,62.12872342813034
431378.0,61.90884433538305
431379.0,63.53472936163344
431381.0,62.44333043797742
431382.0,61.42552417066237
431384.0,61.319664172402916
431385.0,61.16238194656171
431387.0,59.943295041112606
431388.0,60.092941786054816
431390.0,60.03702928756373
431391.0,59.269213022155824
431392.0,58.721449795035994
431394.0,58.04952879301501
431396.0,57.58643479165704
431397.0,57.54115775143373
431398.0,56.908187114143495
431399.0,55.52553779528637
431400.0,53.64269026656814
431402.0,49.801124910937894
431404.0,42.62397193134056
431408.0,34.49639448630293
431415.0,25.768083644661647
431417.0,20.262905465165638
431419.0,16.48273552887782
431421.0,17.3412762907675
431423.0,19.84509267329272
431425.0,24.595701720343563
431427.0,27.676204162804215
431428.0,30.81323953061601
431429.0,32.87130207821133
431430.0,35.17821714275284
431432.0,36.2547645714006
431433.0,37.5625167026992
431434.0,37.97961629405201
431436.0,37.557931374658985
431438.0,37.37121362460805
431440.0,36.51385006511584
431442.0,33.412666443468005
431444.0,31.007079183380124
431446.0,27.7640861972959
431449.0,23.685769705537123
431451.0,21.522951908968007
431453.0,20.857245522401513
431455.0,20.07843120199892
431457.0,21.348483253207657
431459.0,24.016244134262415
431461.0,25.988051263966508
431463.0,27.831798088318727
431465.0,27.20683342785365
431466.0,34.95489127705992
431468.0,35.332415512784706
431470.0,34.36182242689062
431474.0,30.121136204125946
431478.0,28.519182183854088
431481.0,18.842854641120176
431483.0,16.420733162098347
431485.0,15.812170500896443
431487.0,19.26301731004175
431489.0,22.975925461697837
431491.0,26.334983701521423
431493.0,29.99507337348204
431494.0,33.4159020554542
431495.0,36.087160387359546
431497.0,37.51328385230149
431498.0,39.31162733938591
431500.0,40.30286728517249
431501.0,40.58643475259825
431502.0,40.192560768402174
431504.0,37.88653468261239
431507.0,32.86552269496673
431510.0,27.846954404787958
431512.0,24.04992860583313
431514.0,21.228309352723027
431516.0,21.375421844736028
431518.0,24.76377889881133
431520.0,29.93961911878862
431522.0,34.13800392703604
431524.0,38.65718647953966
431527.0,41.59264116568922
431528.0,43.3527484222638
431529.0,43.37629460003359
431531.0,43.30121264119218
431532.0,42.61767906856316
431534.0,42.75173282141291
431536.0,42.587838699680006
431538.0,43.32492856085853
431540.0,45.270039313178685
431542.0,49.21623300092288
431543.0,56.64029401384089
431545.0,62.22232481774877
431551.0,63.51117250561568
431555.0,57.86159070276828
431561.0,50.19590574538758
431568.0,43.56635989836393
431571.0,47.473824613647714
431572.0,46.11723044095803
431573.0,57.44905798187174
431574.0,61.84098697856594
431577.0,63.1464900605902
431578.0,55.98813053391056
431579.0,57.35007732253822
431580.0,51.478902054356396
431582.0,58.80476392011717
431583.0,58.89423772253842
431584.0,59.59569889798195
431585.0,60.3824630253712
431586.0,63.07244372575777
431588.0,63.367410192311965
431589.0,64.62456257569961
431590.0,63.68374762033179
431591.0,62.41116708582458
431592.0,59.379936132505875
431595.0,52.70128201021173
431596.0,50.99324329325345
431598.0,50.580848228981765
431600.0,50.869613079851455
431604.0,45.49954723871605
431605.0,47.97423493411649
431607.0,46.019054336032355
431609.0,49.56168154675947
431610.0,48.229577666725156
431612.0,55.073000814591715
431614.0,53.94213863765769
431615.0,63.05728420152995
431617.0,64.79346614792637
431620.0,62.83074200216947
431625.0,66.04630809231146
431627.0,62.67478248204971
431628.0,59.24710806094117
431629.0,57.44919676850147
431631.0,66.27632889086074
431632.0,68.15500128982578
431636.0,74.12967152009458
431637.0,71.0052254878071
431639.0,62.086760484499585
431640.0,58.71914924654919
431642.0,53.54907525277773
431645.0,47.224764100793585
431648.0,49.06348154822158
431650.0,56.85219426250306
431651.0,56.822192485668324
431653.0,58.33318456932748
431654.0,63.89646608511923
431656.0,65.058563180941
431671.0,63.00990484666674
431672.0,58.651307094850985
431674.0,57.285801482058176
431676.0,55.02476224797694
431678.0,56.08830831387563
431680.0,58.74318940128861
431683.0,57.181547943022565
431684.0,55.64919325026385
431685.0,56.788520713063825
431686.0,53.711760766656006
431687.0,53.279928488053976
431688.0,60.035065275428636
431690.0,62.235772998110086
431691.0,61.896919001385484
431693.0,58.88547425180134
431694.0,56.71619821175435
431696.0,51.871286856725554
431698.0,46.616185367511704
431700.0,44.946337760217084
431702.0,49.005670282920036
431704.0,50.74699258664024
431706.0,55.210368782954866
431708.0,59.52260860301417
431710.0,54.58609426779037
431712.0,50.7744017808947
431714.0,46.8839174955568
431715.0,42.81604438633668
431717.0,37.580928351785204
431720.0,36.482549944509145
431724.0,29.79133455865109
431725.0,38.612451797680045
431729.0,40.63006717344927
431731.0,40.76942521628391
431732.0,48.409514178650404
431734.0,56.375914221447715
431735.0,48.70478364349972
431736.0,45.62873069148973
431738.0,48.09449162333406
431740.0,44.72252096944695
431741.0,43.0334543347288
431742.0,42.14950992495696
431744.0,42.69456882269779
431746.0,42.429353737171205
431747.0,42.364843565316974
431749.0,43.348643498077166
431750.0,45.20440702939608
431751.0,46.83541801715177
431752.0,49.03761091825826
431754.0,51.480101789226055
431756.0,53.225094199369394
431757.0,53.74260038616708
431758.0,54.45254017288103
431760.0,55.202333640856544
431761.0,54.28751500385465
431763.0,52.89489983176545
431765.0,60.058175542521916
431767.0,59.01465308174363
431769.0,59.41282066672248
431771.0,60.822281561569206
431772.0,62.14133107921077
431774.0,55.70951077668203
431776.0,60.18845354589969
431778.0,63.12691715399281
431780.0,65.48384358325276
431782.0,65.09141305245308
431784.0,67.30514812735892
431785.0,65.88593122695897
431787.0,63.57446078338046
431788.0,61.57258724330353
431789.0,61.96920184216226
431790.0,57.62905349910254
431792.0,56.893011142344314
431793.0,56.39377083701661
431795.0,56.326208159335195
431796.0,56.62290660832016
431798.0,58.794778177281934
431799.0,58.531686526935765
431802.0,56.756313342456295
431804.0,57.20999017465558
431805.0,57.535939613424674
431807.0,57.87039204781261
431808.0,58.330607662963516
431810.0,60.24869436649074
431811.0,60.08731420541367
431812.0,60.05576416243834
431814.0,59.865614853746294
431816.0,59.09094674766069
431817.0,58.46171162816288
431819.0,58.41366665705666
431821.0,63.72471523618712
431822.0,65.27448875493197
431824.0,66.96915128964183
431827.0,64.16382703539227
431829.0,69.22793984184884
431830.0,64.93564972334018
431832.0,64.25730107155582
431834.0,63.665181949129966
431835.0,67.66745676410288
431837.0,62.68013538147992
431838.0,60.89467940251332
431840.0,61.146117080919794
431841.0,60.99575880705053
431842.0,61.34418311427034
431843.0,62.17977689699019
431844.0,63.61792744338014
431846.0,63.327090818880265
431847.0,63.223033739806205
431849.0,61.499699017530894
431850.0,59.197851103991546
431851.0,57.43919095941404
431852.0,60.34399486044631
431853.0,59.651246918028164
431855.0,59.147926541549836
431856.0,61.89726418534826
431858.0,63.315709476058714
431859.0,61.44737294404158
431860.0,62.1550842628976
431861.0,63.1783938074924
431862.0,60.729078720757094
431865.0,60.71963241258622
431867.0,58.24566340768985
431869.0,56.05153937800178
431871.0,56.53573981264251
431873.0,58.39043442328375
431877.0,60.42845947854288
431879.0,57.3247037450066
431880.0,57.726113585433346
431881.0,58.110847997810176
431882.0,58.05887166007511
431884.0,52.76345362573081
431886.0,54.017593833169556
431902.0,54.25800055940316
431903.0,48.8340292628418
431905.0,41.19586788439605
431908.0,35.203598646582705
431912.0,28.945434469195163
431914.0,22.105911122172433
431916.0,18.958006365929485
431918.0,21.99187885638334
431919.0,28.41825180919734
431924.0,40.64873073925124
431925.0,49.13734493587625
431928.0,55.78280284768359
431930.0,64.15621774647408
431937.0,60.23128376054966
431939.0,55.89418874668047
431941.0,53.85915689630288
431943.0,51.70613952280529
431945.0,46.66107830258992
431947.0,55.6484511379234
431949.0,56.15194512897587
431950.0,54.15402367354377
431952.0,54.77605291385436
431954.0,57.79366546930694
431955.0,59.191655963803065
431957.0,62.928379955236935
431958.0,69.74666091686915
431962.0,78.02245543446176
431963.0,76.58150518001115
431965.0,72.76609557626864
431970.0,64.00035150671161
431972.0,59.097302461647416
431974.0,59.523650697248534
431980.0,57.727210193412816
431982.0,52.48074911133706
431984.0,49.949246218662395
431987.0,42.75478878761417
431989.0,29.579855463545982
431994.0,20.27926470379104
431997.0,16.595474864032692
431999.0,19.295535652518772
432001.0,21.169075478306745
432004.0,20.83651733896855
432005.0,26.64967044312349
432007.0,30.198706583582897
432010.0,29.61320475910768
432012.0,32.084955524432544
432027.0,40.98565707228535
432028.0,46.01491380412135
432030.0,50.866896704064054
432032.0,49.86617285709326
432034.0,49.96742403762721
432036.0,53.2891848317452
432038.0,57.11767104769483
432039.0,62.506886810658116
432041.0,72.79932900899443
432042.0,75.06605783545467
432044.0,68.50831810130876
432046.0,60.80109123150502
432047.0,53.68220989078708
432049.0,45.97778958154111
432051.0,45.48268077468234
432052.0,44.71972559763422
432053.0,45.19505763740517
432054.0,45.14142750762336
432055.0,47.40048360024118
432058.0,47.478004763628356
432060.0,47.237644476871296
432062.0,46.99270328040804
432064.0,45.1004152426173
432066.0,41.94781287300863
432068.0,36.25819019801143
432070.0,34.50164335294575
432072.0,33.82012044455454
432073.0,34.54635834005411
432074.0,36.69459101062243
432076.0,41.19415839508741
432078.0,42.70116990310928
432079.0,42.485432214506716
432081.0,42.82278370588817
432083.0,41.38313947799831
432084.0,42.066658960100185
432085.0,41.890310293201324
432086.0,41.95457098256488
432088.0,40.9580128169859
432090.0,42.39275042826855
432092.0,42.172751641987745
432094.0,42.31304644511457
432096.0,42.214425649804994
432097.0,42.30802156693423
432099.0,41.01098564570418
432100.0,39.843723071748634
432101.0,38.37182734464887
432103.0,37.281685002386595
432105.0,36.86648769145197
432107.0,37.166090932781266
432108.0,36.96495084040002
432109.0,37.211548890352674
432111.0,37.456199065351804
432112.0,37.779999562688715
432114.0,37.36278556623388
432116.0,35.892194550181486
432117.0,35.76223211857331
432118.0,35.7940212327105
432120.0,35.33521675759028
432122.0,34.96964308889542
432125.0,36.257576427154945
432128.0,35.99919907646366
432130.0,35.80820416674111
432132.0,34.20107788181384
432134.0,32.744543843636166
432136.0,30.98896266914856
432138.0,30.135296304444676
432140.0,29.253267415378843
432142.0,29.90348769002436
432144.0,30.582989422498848
432146.0,31.50281333240922
432148.0,31.327764338914864
432150.0,31.714611046802123
432152.0,32.30867682852232
432154.0,33.354929864352016
432156.0,33.68045382719306
432158.0,33.88892571961884
432159.0,34.82734609256013
432161.0,37.610877664999535
432162.0,42.80859255590338
432163.0,49.06868812525006
432165.0,54.95756643715838
432169.0,62.85932890571777
432171.0,57.64625392709345
432173.0,52.56085976705647
432174.0,47.138170521314876
432176.0,42.225565123413546
432177.0,34.6360069132365
432178.0,37.96775884284533
432180.0,38.080825190017656
432182.0,38.911104766079184
432183.0,41.34164165385495
432184.0,43.056910603150314
432185.0,43.501508769152345
432187.0,45.32300931755994
432189.0,51.34653136572308
432195.0,54.7211656291543
432197.0,56.801553912538495
432198.0,59.49217352168
432200.0,60.91707294539765
432201.0,59.2377976847737
432202.0,59.93164258362797
432203.0,60.41259145966395
432204.0,60.76730672540482
432206.0,59.893750820874835
432207.0,56.72401938953319
432209.0,55.10530308206235
432211.0,55.10541603310385
432221.0,54.947987289149935
432222.0,54.83731438382334
432223.0,54.85979167504284
432225.0,52.386676657952634
432226.0,49.08473893787307
432228.0,48.91897820838981
432230.0,49.023187209236376
432231.0,48.69031491800446
432232.0,50.30310990057889
432233.0,54.17316258540044
432234.0,52.77968280114576
432238.0,44.693454169276194
432243.0,48.443848724287434
432246.0,54.85524228707429
432249.0,58.44178498890233
432250.0,66.37970201322841
432251.0,80.66592234214419
432252.0,81.91976070836581
432254.0,79.37171621999954
432255.0,75.66224821376127
432256.0,71.75607903479934
432257.0,67.33148773469236
432258.0,63.08678945694172
432260.0,55.65236140919605
432262.0,48.694698189023015
432266.0,37.8849600735678
432268.0,30.1815370318306
432270.0,27.285399809297548
432272.0,36.643699244006086
432274.0,48.12540514118647
432276.0,61.32690797104402
432278.0,73.3840494582586
432279.0,82.34467438831686
432280.0,79.94297366986626
432282.0,75.27850505540522
432284.0,73.83499059345453
432285.0,70.60788756193976
432287.0,70.23669478055959
432288.0,66.22829843215315
432290.0,66.89997367078385
432291.0,66.80890736336679
432292.0,65.60234622248687
432293.0,60.667587691277774
432294.0,60.61565529274333
432296.0,57.37217075632342
432297.0,57.58236228738099
432298.0,58.19512342537465
432299.0,62.856931600171166
432301.0,64.84345254445532
432303.0,68.919248208435
432305.0,67.67890152232727
432306.0,67.16283964320327
432308.0,65.6141606794206
432323.0,70.5188934806221
432330.0,64.9252596290465
432332.0,62.451513825055045
432334.0,61.16817369376504
432335.0,58.16219082582755
432336.0,51.65464973261744
432338.0,54.51301227343545
432339.0,54.60902760224108
432340.0,55.25939177805801
432341.0,55.38752389790149
432342.0,53.96185983212259
432344.0,54.03532298374306
432346.0,53.54961225793154
432348.0,52.78106204541592
432350.0,52.62409841807929
432351.0,54.88031137192966
432353.0,55.69455302064339
432354.0,58.29106001490866
432356.0,61.12103511109765
432358.0,62.448821073898344
432359.0,60.857086029368375
432360.0,59.281165469325416
432362.0,56.85596097863733
432363.0,55.38080253950072
432365.0,54.777197376780066
432366.0,56.07139474825226
432368.0,57.075010909135166
432369.0,58.44219141162728
432370.0,59.028319528331075
432371.0,59.96589710888874
432372.0,63.12996481575559
432374.0,65.25128086864113
432375.0,69.4103506324037
432378.0,69.40694927136867
432379.0,70.56565436957412
432380.0,67.81291941320713
432382.0,64.72097649017641
432383.0,59.664433427247516
432391.0,59.164287024141686
432393.0,57.7468397394584
432409.0,58.75092668029731
432411.0,58.34711541063105
432412.0,62.69933099688281
432413.0,63.776807654046344
432415.0,62.68268414785069
432417.0,61.445379628536294
432418.0,62.03909826641954
432419.0,59.502360224867026
432421.0,58.49298098736025
432423.0,57.9109300813216
432424.0,56.931372788849686
432425.0,55.23711348533037
432427.0,53.08090712727615
432429.0,52.278608975319045
432430.0,52.839102395709986
432431.0,53.05271778679868
432433.0,54.65521403869309
432435.0,53.85587797946719
432437.0,53.094287513714654
432439.0,52.74112727623943
432441.0,52.10862796002268
432444.0,45.94181853928044
432445.0,44.40730066214136
432447.0,39.15423896564222
432448.0,37.97890063833866
432449.0,40.257046822077946
432451.0,47.01140230174566
432452.0,49.917348994518804
432453.0,55.71792125156448
432455.0,52.122807281668294
432457.0,52.37511827409806
432458.0,54.04401194125546
432460.0,55.54097580678865
432462.0,59.27606174510022
432468.0,54.83002902964846
432470.0,57.26169312882653
432471.0,58.675317548283395
432487.0,59.56366119728635
432490.0,62.55357761336863
432493.0,75.09851500199258
432495.0,66.69733543663398
432497.0,58.60555303096481
432499.0,49.20234942249269
432504.0,33.43179948930518
432511.0,20.737636272796173
432514.0,16.75854641285919
432516.0,14.350193411471286
432517.0,17.860357320830975
432519.0,23.61434149835454
432521.0,25.88556492908412
432523.0,27.02021435103176
432528.0,25.832731362523127
432530.0,24.525187454917607
432532.0,24.840014329732508
432533.0,37.49763970441022
432537.0,38.85192688849462
432539.0,43.997201066465045
432541.0,44.35525774391643
432543.0,51.45238563194297
432549.0,50.24848131596807
432550.0,60.293963951319995
432551.0,67.94618040277146
432559.0,66.87628154839494
432561.0,61.63837931487935
432563.0,52.606974636326264
432564.0,48.723890370102026
432565.0,48.56789177993819
432567.0,57.2323272086587
432569.0,52.810276829232876
432571.0,57.08353530704194
432573.0,62.77560197704395
432574.0,59.34073071062121
432576.0,57.249927602372125
432577.0,67.09875339258124
432580.0,63.98517064562399
432582.0,55.49923252662624
432585.0,54.962246123214356
432586.0,55.58542344042936
432587.0,52.642061482719896
432589.0,58.91543667258195
432590.0,62.510523354146265
432591.0,64.29454716827264
432598.0,64.21761259644144
432602.0,69.85400489028963
432605.0,66.70452944070264
432607.0,64.38259820498061
432608.0,63.13393377472433
432609.0,61.42185190570433
432610.0,54.451310922614894
432611.0,54.53049238616775
432612.0,54.64263766087156
432614.0,52.97881558152052
432616.0,53.23571791248048
432622.0,53.598790685035134
432623.0,56.156863068488974
432625.0,59.67697483279541
432631.0,60.77333876712919
432632.0,65.190834216625
432633.0,69.79571311209064
432640.0,67.14737100886722
432642.0,66.23624042132452
432644.0,62.4986225896973
432646.0,54.80460297594944
432647.0,51.72323100585457
432655.0,56.563451388298766
432656.0,56.693873003654474
432658.0,60.351782991157265
432659.0,62.68450508530793
432661.0,61.45957053718257
432662.0,58.67877565812363
432663.0,57.44050398632042
432664.0,57.7469644619591
432665.0,58.72403885483794
432667.0,58.95882995000049
432669.0,58.228438981147335
432673.0,51.52272080668031
432675.0,46.50406964011515
432677.0,52.09477434170285
432678.0,52.55920260602987
432680.0,51.04438802744373
432695.0,62.515359756131375
432697.0,69.42887303349549
432699.0,56.96320183439178
432701.0,50.80954149082136
432702.0,55.223629671579125
432708.0,54.35745924839539
432711.0,52.399862523763076
432712.0,55.73217978648567
432714.0,64.28159191016977
432715.0,66.78475824274088
432721.0,68.10600438770442
432723.0,72.75434760399318
432725.0,71.06357386863735
432727.0,65.15347491609256
432729.0,57.08926934632798
432731.0,45.68369660256457
432733.0,37.9101608669895
432735.0,40.76746538389607
432737.0,41.58534959749815
432743.0,48.25164457736461
432745.0,53.79674108573232
432746.0,54.11302102856547
432751.0,62.87072919367299
432755.0,63.26990193796777
432757.0,55.78199113174156
432758.0,53.63444012231552
432760.0,50.731380303133335
432762.0,40.056607890218416
432764.0,35.27247533806819
432766.0,32.60065541477392
432768.0,29.647478106688045
432770.0,29.198783184515673
432772.0,27.969402137615287
432774.0,29.003678343217718
432776.0,29.644040826812237
432778.0,30.75018240835169
432779.0,34.50940140356745
432780.0,35.969052700225305
432782.0,36.53707753597002
432784.0,37.53884600383627
432785.0,40.19310292794116
432787.0,39.30995746860485
432788.0,40.13894223618137
432790.0,37.96143203778057
432810.0,41.31907703582134
432811.0,44.66669112853437
432813.0,46.00660556222692
432814.0,48.91459329452023
432815.0,51.80655801065602
432817.0,48.99171417555176
432819.0,44.83203704088392
432820.0,50.449145627022304
432821.0,53.785356503559925
432823.0,59.181819679862166
432824.0,68.73059665781867
432826.0,71.48690586018542
432827.0,74.20986667469101
432829.0,74.23033245533978
432831.0,77.31636120418996
432832.0,71.85958786402959
432833.0,72.01071365477421
432835.0,65.78032420312287
432837.0,63.94328638241874
432838.0,60.61011209532378
432839.0,60.44696299975642
432841.0,60.04204087358163
432843.0,61.72936267925818
432848.0,64.97969100268152
432849.0,66.42563215490196
432851.0,67.332342048319
432858.0,67.29459185072064
432860.0,59.32341628155136
432862.0,50.02618218653724
432865.0,50.04556661650535
432867.0,51.85146262159615
432869.0,53.852326204893345
432877.0,66.41847014613498
432878.0,75.35155357690707
432879.0,76.87756847485693
432880.0,78.25894226103429
432881.0,80.35556133717846
432883.0,79.10700527232815
432888.0,78.94577935634123
432890.0,75.20892956928728
432891.0,72.51366944828271
432893.0,70.89362213617908
432894.0,63.75596306301609
432896.0,58.74200028734608
432899.0,53.46852217424735
432901.0,47.2033829446101
432903.0,41.137909270793465
432905.0,38.97070686702409
432907.0,35.44948712466307
432909.0,40.768222744018104
432910.0,43.85390803987178
432912.0,42.837643924138156
432914.0,42.79270353002015
432916.0,43.29975425051599
432918.0,39.92226022359849
432921.0,38.54181571043315
432926.0,40.193728278659485
432928.0,39.40933277065823
432929.0,39.14701760791579
432931.0,38.27032393481419
432933.0,38.718665574507796
432934.0,38.52740358542924
432935.0,40.44297600456473
432936.0,41.44495292095469
432938.0,44.831452282196096
432940.0,50.35249723948441
432941.0,55.511349886771015
432942.0,58.45149610666026
432944.0,64.63788942560622
432959.0,65.61447546431216
432961.0,63.23631528334099
432962.0,60.7458852652112
432963.0,60.48856849058711
432964.0,58.24722508523706
432965.0,56.25666476083525
432967.0,54.10866584283133
432968.0,52.39106927315483
432969.0,49.78860534585884
432970.0,45.033525026501636
432971.0,43.182262841211525
432973.0,40.7781764857347
432975.0,36.809685926225754
432978.0,31.23923259755015
432984.0,25.119885857059778
432995.0,17.766946475564037
433000.0,14.493446949559011
433004.0,24.45426939498804
433015.0,24.670290901595116
433016.0,35.37113170143659
433018.0,44.08551316695724
433021.0,43.85893877740717
433023.0,32.669191293863875
433025.0,36.68857618691676
433030.0,30.029826389704358
433032.0,24.365982706412474
433034.0,24.862144138273052
433035.0,28.809547324592756
433041.0,38.971822029810575
433043.0,50.137597274116075
433045.0,61.65994114827727
433047.0,72.24692260497798
433049.0,76.44753400799728
433051.0,69.12193024613346
433052.0,61.981806613375184
433054.0,58.66643779932487
433055.0,54.74691440797591
433057.0,53.20957171465197
433058.0,52.833222354694996
433059.0,54.83360318507421
433060.0,53.47981447439196
433061.0,52.37491976606036
433063.0,51.42511371127646
433064.0,52.38040705543568
433065.0,50.708454473226446
433067.0,49.259670417711035
433069.0,50.88453806974019
433070.0,54.079683775126206
433071.0,55.777442838349906
433073.0,58.71450934647622
433075.0,62.17522448709533
433076.0,62.05391064492609
433077.0,62.43992538600166
433078.0,65.00621981377579
433079.0,65.14132815575739
433081.0,65.9915386413317
433082.0,72.35423751215964
433084.0,68.19258668246427
433085.0,67.63625140564658
433087.0,68.41359596140384
433088.0,66.6147186315115
433089.0,60.56606262439184
433090.0,63.55592235372251
433091.0,61.44727052291753
433093.0,60.25242149405185
433095.0,60.129687422671985
433097.0,60.683877362291256
433099.0,63.15200632673036
433102.0,67.68895098440888
433103.0,69.1248008069177
433116.0,72.84096902765975
433120.0,75.02639204091986
433129.0,72.27655928546451
433136.0,69.98359290677598
433139.0,61.722630297038734
433142.0,51.977813554342234
433143.0,50.12901215921438
433144.0,49.89706448502258
433145.0,47.11135538741948
433147.0,52.69859564169299
433148.0,58.407722154390555
433149.0,57.09135064340494
433150.0,53.91443443544879
433151.0,53.49471793593377
433153.0,53.88143236843115
433154.0,54.05380622172593
433155.0,54.35233937117194
433156.0,58.36955048428255
433157.0,61.210629771536546
433159.0,60.94187903593739
433160.0,60.80696292643135
433162.0,61.02184799257619
433164.0,61.87921654937095
433168.0,57.187165553063224
433169.0,53.899024343255476
433171.0,50.81082036573069
433172.0,46.867364710870376
433181.0,40.31400339064943
433184.0,43.9051611187037
433191.0,39.518384430586465
433194.0,35.21137860068036
433195.0,38.04445366173449
433197.0,44.94495842874433
433199.0,35.75423637538715
433201.0,37.921468542196315
433203.0,44.0263171438362
433205.0,39.32835700266347
433207.0,30.859480743458953
433208.0,37.90854195349098
433210.0,47.62331353344502
433212.0,41.29454725392863
433214.0,40.04023541449751
433215.0,45.15982998420158
433216.0,41.86353048578169
433218.0,37.2097311540345
433220.0,43.15016321597155
433221.0,52.36326477446786
433223.0,52.052042014968904
433225.0,53.14850848139181
433236.0,52.30454843894336
433238.0,58.32195589215196
433241.0,58.18279059584761
433242.0,63.17501881641808
433245.0,71.74218162946323
433246.0,74.43491947529103
433254.0,68.72771913684339
433261.0,68.60734195530611
433263.0,66.99668917412524
433265.0,67.20562264630917
433267.0,66.3742304739136
433269.0,67.94620917133413
433270.0,67.90055961834108
433271.0,65.18635730853693
433272.0,57.88907562905407
433274.0,57.32217609022732
433281.0,58.75288554846861
433288.0,54.742948428302725
433290.0,54.17419743841333
433291.0,53.11376955975619
433293.0,58.1873524143359
433294.0,61.185882528326054
433295.0,65.68815863979978
433297.0,62.441804865252756
433299.0,59.62448597058268
433300.0,51.941711421252286
433301.0,44.64251804367889
433303.0,37.143555865625935
433304.0,37.93677869433073
433306.0,39.03836312981884
433308.0,38.43490241466809
433309.0,45.50458660648901
433311.0,46.58248685007301
433313.0,46.156404519634904
433314.0,47.22463309433862
433316.0,43.795063379096256
433316.0,28.04700399020025
433317.0,30.67582823724856
433318.0,34.07976264736476
433320.0,36.73496275537522
433321.0,41.92895258999474
433322.0,52.30352970156976
433323.0,52.88522333874478
433324.0,53.911018036822405
433326.0,53.04307638391104
433328.0,47.49317143135338
433328.0,37.118594319778374
433329.0,35.04826515776715
433330.0,31.16825062449404
433332.0,28.79797238049445
433333.0,32.661942243372906
433336.0,43.92299941434257
433338.0,43.168814562813296
433340.0,42.397424711751746
433341.0,43.42025414957219
433343.0,46.46680797383811
433345.0,49.689100156341084
433347.0,50.05466668807666
433361.0,46.22895909422291
433366.0,46.166537685788526
433367.0,51.76935874595229
433369.0,48.87472581369137
433371.0,48.44758794460277
433373.0,51.60934960867151
433380.0,44.05256782319215
433382.0,33.02488467069715
433383.0,37.731155702167655
433384.0,39.547351971369736
433385.0,45.09775487258756
433387.0,49.11960755235653
433389.0,51.08470368662363
433391.0,41.52236503717175
433393.0,38.16285067674088
433395.0,32.95008331047764
433397.0,34.83297914046379
433400.0,41.06076915543035
433402.0,43.31897708087678
433404.0,44.00866635368378
433405.0,49.14356706908898
433407.0,49.31269171060896
433409.0,42.76273615025799
433415.0,45.14312584913216
433417.0,52.092044545358064
433434.0,42.44941893448497
433440.0,36.426237409661105
433443.0,32.82296160682989
433445.0,26.280619459114178
433448.0,16.93732172600386
433450.0,28.00924308512226
433452.0,35.91229518957246
433454.0,36.181713675284854
433459.0,33.00483112214472
433461.0,33.29980421859
433462.0,27.435232869137174
433467.0,20.030098082490664
433473.0,29.719329297795326
433480.0,33.667439644355184
433482.0,42.27680683094841
433483.0,49.21231280786259
433484.0,59.6138852825713
433488.0,54.929946985924644
433489.0,59.18810593478948
433491.0,58.317948273340164
433492.0,55.211232173099916
433495.0,51.41066545371882
433497.0,49.500432884584235
433503.0,47.83705797407209
433505.0,40.68085097382088
433507.0,35.98094041166377
433510.0,32.617280900368364
433512.0,30.50812744939763
433514.0,26.18461292548244
433517.0,24.147820337811503
433519.0,23.115516625327135
433521.0,24.10772622224018
433523.0,25.190686241134912
433525.0,31.702637805553827
433527.0,34.55452507062829
433529.0,38.7166509142144
433533.0,42.34126338706646
433534.0,45.216640364750376
433535.0,42.166098127353656
433537.0,42.14532250938545
433539.0,40.623195371047885
433540.0,38.843376589527495
433542.0,33.68081291908002
433543.0,37.16530907048105
433545.0,35.648810452345415
433547.0,32.502968781171305
433551.0,27.814035744617605
433557.0,25.896655813743287
433559.0,18.928228788764443
433563.0,16.252914074397943
433565.0,21.62495657249722
433566.0,26.25398806348401
433575.0,26.039467212044826
433580.0,24.130666058622523
433582.0,27.044964526032278
433583.0,26.96141987528357
433585.0,31.278961844114143
433594.0,42.64582433316686
433600.0,43.19351279236234
433608.0,38.80705951784212
433612.0,31.156400409268013
433616.0,20.82840036163772
433619.0,15.134434050847215
433622.0,16.040389966928007
433625.0,17.804162897764822
433627.0,19.451453613415673
433631.0,20.1283958072856
433634.0,19.27349863071881
